[
  {
    "url": "http://www.ci.marina.ca.us/",
    "long": "-121.8",
    "name": "Marina",
    "state": {
      "name": "California",
      "abbreviation": "CA"
    },
    "lat": "36.68"
  },
  {
    "url": "http://www.cityofmartinez.org/",
    "long": "-122.13",
    "name": "Martinez",
    "state": {
      "name": "California",
      "abbreviation": "CA"
    },
    "lat": "38.01"
  },
  {
    "url": "http://www.marysville.ca.us/",
    "long": "-121.59",
    "name": "Marysville",
    "state": {
      "name": "California",
      "abbreviation": "CA"
    },
    "lat": "39.14"
  },
  {
    "url": "http://www.cityofmaywood.com/",
    "long": "-118.18",
    "name": "Maywood",
    "state": {
      "name": "California",
      "abbreviation": "CA"
    },
    "lat": "33.98"
  },
  {
    "url": "http://www.mcfarlandcity.org/",
    "long": "-119.22",
    "name": "McFarland",
    "state": {
      "name": "California",
      "abbreviation": "CA"
    },
    "lat": "35.67"
  },
  {
    "url": "http://www.ci.mendota.ca.us/",
    "long": "-120.38",
    "name": "Mendota",
    "state": {
      "name": "California",
      "abbreviation": "CA"
    },
    "lat": "36.75"
  },
  {
    "url": "http://www.menlopark.org",
    "long": "-122.18",
    "name": "Menlo Park",
    "state": {
      "name": "California",
      "abbreviation": "CA"
    },
    "lat": "37.45"
  },
  {
    "url": "http://www.ci.adelanto.ca.us/",
    "long": "-117.4",
    "name": "Adelanto",
    "state": {
      "name": "California",
      "abbreviation": "CA"
    },
    "lat": "34.58"
  },
  {
    "url": "http://www.cityofmerced.org/",
    "long": "-120.48",
    "name": "Merced",
    "state": {
      "name": "California",
      "abbreviation": "CA"
    },
    "lat": "37.3"
  },
  {
    "url": "http://ci.agoura-hills.ca.us/",
    "long": "-118.73",
    "name": "Agoura",
    "state": {
      "name": "California",
      "abbreviation": "CA"
    },
    "lat": "34.14"
  },
  {
    "url": "http://www.cityofmillvalley.org/",
    "long": "-122.54",
    "name": "Mill Valley",
    "state": {
      "name": "California",
      "abbreviation": "CA"
    },
    "lat": "37.9"
  },
  {
    "url": "http://www.ci.alameda.ca.us/",
    "long": "-122.24",
    "name": "Alameda",
    "state": {
      "name": "California",
      "abbreviation": "CA"
    },
    "lat": "37.76"
  },
  {
    "url": "http://www.ci.millbrae.ca.us/",
    "long": "-122.38",
    "name": "Millbrae",
    "state": {
      "name": "California",
      "abbreviation": "CA"
    },
    "lat": "37.59"
  },
  {
    "url": "http://www.albanyca.org/",
    "long": "-122.29",
    "name": "Albany",
    "state": {
      "name": "California",
      "abbreviation": "CA"
    },
    "lat": "37.88"
  },
  {
    "url": "http://www.ci.milpitas.ca.gov/",
    "long": "-121.9",
    "name": "Milpitas",
    "state": {
      "name": "California",
      "abbreviation": "CA"
    },
    "lat": "37.42"
  },
  {
    "url": "http://www.cityofalhambra.org/",
    "long": "-118.12",
    "name": "Alhambra",
    "state": {
      "name": "California",
      "abbreviation": "CA"
    },
    "lat": "34.09"
  },
  {
    "url": "http://www.cityofmissionviejo.org/",
    "long": "-117.67",
    "name": "Mission Viejo",
    "state": {
      "name": "California",
      "abbreviation": "CA"
    },
    "lat": "33.6"
  },
  {
    "url": "http://ci.aliso-viejo.ca.us/",
    "long": "-117.74",
    "name": "Aliso Viejo",
    "state": {
      "name": "California",
      "abbreviation": "CA"
    },
    "lat": "33.6"
  },
  {
    "url": "http://www.ci.modesto.ca.us/",
    "long": "-120.99",
    "name": "Modesto",
    "state": {
      "name": "California",
      "abbreviation": "CA"
    },
    "lat": "37.63"
  },
  {
    "url": "http://www.cityofalturas.org/",
    "long": "-120.54",
    "name": "Alturas",
    "state": {
      "name": "California",
      "abbreviation": "CA"
    },
    "lat": "41.48"
  },
  {
    "url": "http://www.ci.monrovia.ca.us/",
    "long": "-117.99",
    "name": "Monrovia",
    "state": {
      "name": "California",
      "abbreviation": "CA"
    },
    "lat": "34.14"
  },
  {
    "url": "http://www.ci.american-canyon.ca.us/",
    "long": "-122.26",
    "name": "American Canyon",
    "state": {
      "name": "California",
      "abbreviation": "CA"
    },
    "lat": "38.17"
  },
  {
    "url": "http://www.ci.montclair.ca.us/",
    "long": "-117.68",
    "name": "Montclair",
    "state": {
      "name": "California",
      "abbreviation": "CA"
    },
    "lat": "34.07"
  },
  {
    "url": "http://www.anaheim.net/",
    "long": "-117.91",
    "name": "Anaheim",
    "state": {
      "name": "California",
      "abbreviation": "CA"
    },
    "lat": "33.83"
  },
  {
    "url": "http://www.montesereno.org/",
    "long": "-121.99",
    "name": "Monte Sereno",
    "state": {
      "name": "California",
      "abbreviation": "CA"
    },
    "lat": "37.23"
  },
  {
    "url": "http://www.ci.anderson.ca.us/",
    "long": "-122.29",
    "name": "Anderson",
    "state": {
      "name": "California",
      "abbreviation": "CA"
    },
    "lat": "40.44"
  },
  {
    "url": "http://www.cityofmontebello.com/",
    "long": "-118.1",
    "name": "Montebello",
    "state": {
      "name": "California",
      "abbreviation": "CA"
    },
    "lat": "34"
  },
  {
    "url": "http://www.cityofangels.org/",
    "long": "-120.53",
    "name": "Angels Camp",
    "state": {
      "name": "California",
      "abbreviation": "CA"
    },
    "lat": "38.06"
  },
  {
    "url": "http://www.monterey.org/",
    "long": "-121.89",
    "name": "Monterey",
    "state": {
      "name": "California",
      "abbreviation": "CA"
    },
    "lat": "36.6"
  },
  {
    "url": "http://www.ci.antioch.ca.us/",
    "long": "-121.8",
    "name": "Antioch",
    "state": {
      "name": "California",
      "abbreviation": "CA"
    },
    "lat": "38"
  },
  {
    "url": "http://www.ci.monterey-park.ca.us/",
    "long": "-118.12",
    "name": "Monterey Park",
    "state": {
      "name": "California",
      "abbreviation": "CA"
    },
    "lat": "34.06"
  },
  {
    "url": "http://www.applevalley.org/",
    "long": "-117.18",
    "name": "Apple Valley",
    "state": {
      "name": "California",
      "abbreviation": "CA"
    },
    "lat": "34.5"
  },
  {
    "url": "http://www.ci.moorpark.ca.us/",
    "long": "-118.88",
    "name": "Moorpark",
    "state": {
      "name": "California",
      "abbreviation": "CA"
    },
    "lat": "34.28"
  },
  {
    "url": "http://www.ci.arcadia.ca.us/",
    "long": "-118.03",
    "name": "Arcadia",
    "state": {
      "name": "California",
      "abbreviation": "CA"
    },
    "lat": "34.13"
  },
  {
    "url": "http://www.moraga.ca.us/",
    "long": "-122.12",
    "name": "Moraga",
    "state": {
      "name": "California",
      "abbreviation": "CA"
    },
    "lat": "37.83"
  },
  {
    "url": "http://www.cityofarcata.org/",
    "long": "-124.08",
    "name": "Arcata",
    "state": {
      "name": "California",
      "abbreviation": "CA"
    },
    "lat": "40.86"
  },
  {
    "url": "http://www.ci.moreno-valley.ca.us/",
    "long": "-117.23",
    "name": "Moreno Valley",
    "state": {
      "name": "California",
      "abbreviation": "CA"
    },
    "lat": "33.93"
  },
  {
    "url": "http://www.arroyogrande.org/",
    "long": "-120.59",
    "name": "Arroyo Grande",
    "state": {
      "name": "California",
      "abbreviation": "CA"
    },
    "lat": "35.11"
  },
  {
    "url": "http://www.morgan-hill.ca.gov/",
    "long": "-121.65",
    "name": "Morgan Hill",
    "state": {
      "name": "California",
      "abbreviation": "CA"
    },
    "lat": "37.13"
  },
  {
    "url": "http://www.cityofartesia.us/",
    "long": "-118.08",
    "name": "Artesia",
    "state": {
      "name": "California",
      "abbreviation": "CA"
    },
    "lat": "33.86"
  },
  {
    "url": "http://www.morro-bay.ca.us/",
    "long": "-120.84",
    "name": "Morro Bay",
    "state": {
      "name": "California",
      "abbreviation": "CA"
    },
    "lat": "35.36"
  },
  {
    "url": "http://ci.mt-shasta.ca.us/",
    "long": "-122.31",
    "name": "Mount Shasta",
    "state": {
      "name": "California",
      "abbreviation": "CA"
    },
    "lat": "41.3"
  },
  {
    "url": "http://www.atascadero.org/",
    "long": "-120.67",
    "name": "Atascadero",
    "state": {
      "name": "California",
      "abbreviation": "CA"
    },
    "lat": "35.48"
  },
  {
    "url": "http://www.ci.mtnview.ca.us/",
    "long": "-122.08",
    "name": "Mountain View",
    "state": {
      "name": "California",
      "abbreviation": "CA"
    },
    "lat": "37.38"
  },
  {
    "url": "http://www.ci.atherton.ca.us/",
    "long": "-122.19",
    "name": "Atherton",
    "state": {
      "name": "California",
      "abbreviation": "CA"
    },
    "lat": "37.46"
  },
  {
    "url": "http://www.murrieta.org",
    "long": "-117.21",
    "name": "Murrieta",
    "state": {
      "name": "California",
      "abbreviation": "CA"
    },
    "lat": "33.55"
  },
  {
    "url": "http://www.atwater.org/",
    "long": "-120.6",
    "name": "Atwater",
    "state": {
      "name": "California",
      "abbreviation": "CA"
    },
    "lat": "37.34"
  },
  {
    "url": "http://www.cityofnapa.org/",
    "long": "-122.28",
    "name": "Napa",
    "state": {
      "name": "California",
      "abbreviation": "CA"
    },
    "lat": "38.29"
  },
  {
    "url": "http://www.auburn.ca.gov/",
    "long": "-121.07",
    "name": "Auburn",
    "state": {
      "name": "California",
      "abbreviation": "CA"
    },
    "lat": "38.89"
  },
  {
    "url": "http://www.ci.national-city.ca.us/",
    "long": "-117.09",
    "name": "National City",
    "state": {
      "name": "California",
      "abbreviation": "CA"
    },
    "lat": "32.67"
  },
  {
    "url": "http://www.cityofavalon.com/",
    "long": "-118.32",
    "name": "Avalon",
    "state": {
      "name": "California",
      "abbreviation": "CA"
    },
    "lat": "33.34"
  },
  {
    "url": "http://www.cityofneedles.com/",
    "long": "-114.61",
    "name": "Needles",
    "state": {
      "name": "California",
      "abbreviation": "CA"
    },
    "lat": "34.84"
  },
  {
    "url": "http://www.ci.azusa.ca.us/",
    "long": "-117.9",
    "name": "Azusa",
    "state": {
      "name": "California",
      "abbreviation": "CA"
    },
    "lat": "34.13"
  },
  {
    "url": "http://www.newark.org/",
    "long": "-122.04",
    "name": "Newark",
    "state": {
      "name": "California",
      "abbreviation": "CA"
    },
    "lat": "37.52"
  },
  {
    "url": "http://www.bakersfieldcity.us/",
    "long": "-119.01",
    "name": "Bakersfield",
    "state": {
      "name": "California",
      "abbreviation": "CA"
    },
    "lat": "35.37"
  },
  {
    "url": "http://www.cityofnewman.com/",
    "long": "-121.02",
    "name": "Newman",
    "state": {
      "name": "California",
      "abbreviation": "CA"
    },
    "lat": "37.31"
  },
  {
    "url": "http://www.baldwinpark.com/",
    "long": "-117.96",
    "name": "Baldwin Park",
    "state": {
      "name": "California",
      "abbreviation": "CA"
    },
    "lat": "34.08"
  },
  {
    "url": "http://www.city.newport-beach.ca.us/",
    "long": "-117.92",
    "name": "Newport Beach",
    "state": {
      "name": "California",
      "abbreviation": "CA"
    },
    "lat": "33.61"
  },
  {
    "url": "http://www.ci.banning.ca.us/",
    "long": "-116.87",
    "name": "Banning",
    "state": {
      "name": "California",
      "abbreviation": "CA"
    },
    "lat": "33.92"
  },
  {
    "url": "http://www.ci.norco.ca.us/",
    "long": "-117.54",
    "name": "Norco",
    "state": {
      "name": "California",
      "abbreviation": "CA"
    },
    "lat": "33.93"
  },
  {
    "url": "http://www.barstowca.org/",
    "long": "-117.02",
    "name": "Barstow",
    "state": {
      "name": "California",
      "abbreviation": "CA"
    },
    "lat": "34.89"
  },
  {
    "url": "http://www.ci.norwalk.ca.us/",
    "long": "-118.08",
    "name": "Norwalk",
    "state": {
      "name": "California",
      "abbreviation": "CA"
    },
    "lat": "33.9"
  },
  {
    "url": "http://www.ci.beaumont.ca.us/",
    "long": "-116.97",
    "name": "Beaumont",
    "state": {
      "name": "California",
      "abbreviation": "CA"
    },
    "lat": "33.92"
  },
  {
    "url": "http://www.ci.novato.ca.us/",
    "long": "-122.56",
    "name": "Novato",
    "state": {
      "name": "California",
      "abbreviation": "CA"
    },
    "lat": "38.1"
  },
  {
    "url": "http://www.cityofbell.org",
    "long": "-118.18",
    "name": "Bell",
    "state": {
      "name": "California",
      "abbreviation": "CA"
    },
    "lat": "33.97"
  },
  {
    "url": "http://www.ci.oakdale.ca.us/",
    "long": "-120.84",
    "name": "Oakdale",
    "state": {
      "name": "California",
      "abbreviation": "CA"
    },
    "lat": "37.76"
  },
  {
    "url": "http://www.bellgardens.org/",
    "long": "-118.15",
    "name": "Bell Gardens",
    "state": {
      "name": "California",
      "abbreviation": "CA"
    },
    "lat": "33.96"
  },
  {
    "url": "http://www.oaklandnet.com/",
    "long": "-122.27",
    "name": "Oakland",
    "state": {
      "name": "California",
      "abbreviation": "CA"
    },
    "lat": "37.8"
  },
  {
    "url": "http://www.bellflower.org/",
    "long": "-118.11",
    "name": "Bellflower",
    "state": {
      "name": "California",
      "abbreviation": "CA"
    },
    "lat": "33.88"
  },
  {
    "url": "http://www.ci.oakley.ca.us/",
    "long": "-121.71",
    "name": "Oakley",
    "state": {
      "name": "California",
      "abbreviation": "CA"
    },
    "lat": "37.99"
  },
  {
    "url": "http://www.belmont.gov/",
    "long": "-122.27",
    "name": "Belmont",
    "state": {
      "name": "California",
      "abbreviation": "CA"
    },
    "lat": "37.52"
  },
  {
    "url": "http://www.ci.oceanside.ca.us/",
    "long": "-117.37",
    "name": "Oceanside",
    "state": {
      "name": "California",
      "abbreviation": "CA"
    },
    "lat": "33.19"
  },
  {
    "url": "http://www.cityofbelvedere.org/",
    "long": "-122.46",
    "name": "Belvedere",
    "state": {
      "name": "California",
      "abbreviation": "CA"
    },
    "lat": "37.87"
  },
  {
    "url": "http://ci.ojai.ca.us/",
    "long": "-119.24",
    "name": "Ojai",
    "state": {
      "name": "California",
      "abbreviation": "CA"
    },
    "lat": "34.44"
  },
  {
    "url": "http://www.ci.benicia.ca.us/",
    "long": "-122.15",
    "name": "Benicia",
    "state": {
      "name": "California",
      "abbreviation": "CA"
    },
    "lat": "38.04"
  },
  {
    "url": "http://www.ci.ontario.ca.us/",
    "long": "-117.65",
    "name": "Ontario",
    "state": {
      "name": "California",
      "abbreviation": "CA"
    },
    "lat": "34.06"
  },
  {
    "url": "http://www.ci.berkeley.ca.us/",
    "long": "-122.27",
    "name": "Berkeley",
    "state": {
      "name": "California",
      "abbreviation": "CA"
    },
    "lat": "37.87"
  },
  {
    "url": "http://www.cityoforange.org/",
    "long": "-117.85",
    "name": "Orange",
    "state": {
      "name": "California",
      "abbreviation": "CA"
    },
    "lat": "33.78"
  },
  {
    "url": "http://www.beverlyhills.org/",
    "long": "-118.4",
    "name": "Beverly Hills",
    "state": {
      "name": "California",
      "abbreviation": "CA"
    },
    "lat": "34.07"
  },
  {
    "url": "http://www.citybigbearlake.com/",
    "long": "-116.91",
    "name": "Big Bear Lake",
    "state": {
      "name": "California",
      "abbreviation": "CA"
    },
    "lat": "34.24"
  },
  {
    "url": "http://www.ci.orinda.ca.us/",
    "long": "-122.17",
    "name": "Orinda",
    "state": {
      "name": "California",
      "abbreviation": "CA"
    },
    "lat": "37.87"
  },
  {
    "url": "http://www.biggs-ca.gov/",
    "long": "-121.71",
    "name": "Biggs",
    "state": {
      "name": "California",
      "abbreviation": "CA"
    },
    "lat": "39.41"
  },
  {
    "url": "http://www.cityoforoville.org/",
    "long": "-121.55",
    "name": "Oroville",
    "state": {
      "name": "California",
      "abbreviation": "CA"
    },
    "lat": "39.51"
  },
  {
    "url": "http://www.ci.oxnard.ca.us/",
    "long": "-119.17",
    "name": "Oxnard",
    "state": {
      "name": "California",
      "abbreviation": "CA"
    },
    "lat": "34.19"
  },
  {
    "url": "http://www.ci.pg.ca.us/",
    "long": "-121.91",
    "name": "Pacific Grove",
    "state": {
      "name": "California",
      "abbreviation": "CA"
    },
    "lat": "36.61"
  },
  {
    "url": "http://www.cityofbradbury.org/",
    "long": "-117.97",
    "name": "Bradbury",
    "state": {
      "name": "California",
      "abbreviation": "CA"
    },
    "lat": "34.14"
  },
  {
    "url": "http://www.cityofpacifica.org/",
    "long": "-122.48",
    "name": "Pacifica",
    "state": {
      "name": "California",
      "abbreviation": "CA"
    },
    "lat": "37.61"
  },
  {
    "url": "http://www.cityofbrawley.com/",
    "long": "-115.53",
    "name": "Brawley",
    "state": {
      "name": "California",
      "abbreviation": "CA"
    },
    "lat": "32.97"
  },
  {
    "url": "http://www.palm-desert.org/",
    "long": "-116.37",
    "name": "Palm Desert",
    "state": {
      "name": "California",
      "abbreviation": "CA"
    },
    "lat": "33.72"
  },
  {
    "url": "http://www.ci.brea.ca.us/",
    "long": "-117.9",
    "name": "Brea",
    "state": {
      "name": "California",
      "abbreviation": "CA"
    },
    "lat": "33.91"
  },
  {
    "url": "http://www.ci.palm-springs.ca.us/",
    "long": "-116.54",
    "name": "Palm Springs",
    "state": {
      "name": "California",
      "abbreviation": "CA"
    },
    "lat": "33.83"
  },
  {
    "url": "http://www.ci.brentwood.ca.us/",
    "long": "-121.69",
    "name": "Brentwood",
    "state": {
      "name": "California",
      "abbreviation": "CA"
    },
    "lat": "37.93"
  },
  {
    "url": "http://www.cityofpalmdale.org/",
    "long": "-118.11",
    "name": "Palmdale",
    "state": {
      "name": "California",
      "abbreviation": "CA"
    },
    "lat": "34.57"
  },
  {
    "url": "http://www.ci.brisbane.ca.us/",
    "long": "-122.39",
    "name": "Brisbane",
    "state": {
      "name": "California",
      "abbreviation": "CA"
    },
    "lat": "37.68"
  },
  {
    "url": "http://www.cityofpaloalto.org/",
    "long": "-122.14",
    "name": "Palo Alto",
    "state": {
      "name": "California",
      "abbreviation": "CA"
    },
    "lat": "37.44"
  },
  {
    "url": "http://www.cityofbuellton.com/",
    "long": "-120.19",
    "name": "Buellton",
    "state": {
      "name": "California",
      "abbreviation": "CA"
    },
    "lat": "34.61"
  },
  {
    "url": "http://www.palosverdes.com/pve/",
    "long": "-118.39",
    "name": "Palos Verdes Estates",
    "state": {
      "name": "California",
      "abbreviation": "CA"
    },
    "lat": "33.8"
  },
  {
    "url": "http://www.townofparadise.com/",
    "long": "-121.62",
    "name": "Paradise",
    "state": {
      "name": "California",
      "abbreviation": "CA"
    },
    "lat": "39.75"
  },
  {
    "url": "http://www.ci.burbank.ca.us/",
    "long": "-118.3",
    "name": "Burbank",
    "state": {
      "name": "California",
      "abbreviation": "CA"
    },
    "lat": "34.18"
  },
  {
    "url": "http://www.paramountcity.com/",
    "long": "-118.15",
    "name": "Paramount",
    "state": {
      "name": "California",
      "abbreviation": "CA"
    },
    "lat": "33.88"
  },
  {
    "url": "http://www.burlingame.org/",
    "long": "-122.36",
    "name": "Burlingame",
    "state": {
      "name": "California",
      "abbreviation": "CA"
    },
    "lat": "37.58"
  },
  {
    "url": "http://www.parlier.ca.us/",
    "long": "-119.52",
    "name": "Parlier",
    "state": {
      "name": "California",
      "abbreviation": "CA"
    },
    "lat": "36.61"
  },
  {
    "url": "http://www.cityofcalabasas.com/",
    "long": "-118.63",
    "name": "Calabasas",
    "state": {
      "name": "California",
      "abbreviation": "CA"
    },
    "lat": "34.15"
  },
  {
    "url": "http://www.ci.pasadena.ca.us/",
    "long": "-118.14",
    "name": "Pasadena",
    "state": {
      "name": "California",
      "abbreviation": "CA"
    },
    "lat": "34.14"
  },
  {
    "url": "http://www.calexico.ca.gov/",
    "long": "-115.49",
    "name": "Calexico",
    "state": {
      "name": "California",
      "abbreviation": "CA"
    },
    "lat": "32.67"
  },
  {
    "url": "http://www.prcity.com/",
    "long": "-120.69",
    "name": "Paso Robles",
    "state": {
      "name": "California",
      "abbreviation": "CA"
    },
    "lat": "35.62"
  },
  {
    "url": "http://www.ci.patterson.ca.us/",
    "long": "-121.12",
    "name": "Patterson",
    "state": {
      "name": "California",
      "abbreviation": "CA"
    },
    "lat": "37.47"
  },
  {
    "url": "http://www.cityofcalimesa.net/",
    "long": "-117.06",
    "name": "Calimesa",
    "state": {
      "name": "California",
      "abbreviation": "CA"
    },
    "lat": "34"
  },
  {
    "url": "http://www.cityofperris.org/",
    "long": "-117.22",
    "name": "Perris",
    "state": {
      "name": "California",
      "abbreviation": "CA"
    },
    "lat": "33.78"
  },
  {
    "url": "http://www.cityofpetaluma.net/",
    "long": "-122.63",
    "name": "Petaluma",
    "state": {
      "name": "California",
      "abbreviation": "CA"
    },
    "lat": "38.23"
  },
  {
    "url": "http://www.ci.calistoga.ca.us/",
    "long": "-122.57",
    "name": "Calistoga",
    "state": {
      "name": "California",
      "abbreviation": "CA"
    },
    "lat": "38.57"
  },
  {
    "url": "http://www.ci.pico-rivera.ca.us/",
    "long": "-118.09",
    "name": "Pico Rivera",
    "state": {
      "name": "California",
      "abbreviation": "CA"
    },
    "lat": "33.98"
  },
  {
    "url": "http://www.ci.camarillo.ca.us/",
    "long": "-119.03",
    "name": "Camarillo",
    "state": {
      "name": "California",
      "abbreviation": "CA"
    },
    "lat": "34.21"
  },
  {
    "url": "http://www.ci.campbell.ca.us/",
    "long": "-121.94",
    "name": "Campbell",
    "state": {
      "name": "California",
      "abbreviation": "CA"
    },
    "lat": "37.28"
  },
  {
    "url": "http://www.ci.pinole.ca.us/",
    "long": "-122.29",
    "name": "Pinole",
    "state": {
      "name": "California",
      "abbreviation": "CA"
    },
    "lat": "38"
  },
  {
    "url": "http://www.cityofcanyonlake.com/",
    "long": "-117.27",
    "name": "Canyon Lake",
    "state": {
      "name": "California",
      "abbreviation": "CA"
    },
    "lat": "33.68"
  },
  {
    "url": "http://www.ci.capitola.ca.us/",
    "long": "-121.95",
    "name": "Capitola",
    "state": {
      "name": "California",
      "abbreviation": "CA"
    },
    "lat": "36.97"
  },
  {
    "url": "http://www.pismobeach.org/",
    "long": "-120.64",
    "name": "Pismo Beach",
    "state": {
      "name": "California",
      "abbreviation": "CA"
    },
    "lat": "35.14"
  },
  {
    "url": "http://www.carlsbadca.gov/",
    "long": "-117.35",
    "name": "Carlsbad",
    "state": {
      "name": "California",
      "abbreviation": "CA"
    },
    "lat": "33.15"
  },
  {
    "url": "http://www.ci.pittsburg.ca.us/",
    "long": "-121.88",
    "name": "Pittsburg",
    "state": {
      "name": "California",
      "abbreviation": "CA"
    },
    "lat": "38.02"
  },
  {
    "url": "http://www.carmelcalifornia.com/",
    "long": "-121.92",
    "name": "Carmel-by-the-Sea",
    "state": {
      "name": "California",
      "abbreviation": "CA"
    },
    "lat": "36.55"
  },
  {
    "url": "http://placentia.org/",
    "long": "-117.87",
    "name": "Placentia",
    "state": {
      "name": "California",
      "abbreviation": "CA"
    },
    "lat": "33.87"
  },
  {
    "url": "http://www.ci.carpinteria.ca.us/",
    "long": "-119.51",
    "name": "Carpinteria",
    "state": {
      "name": "California",
      "abbreviation": "CA"
    },
    "lat": "34.39"
  },
  {
    "url": "http://ci.placerville.ca.us/",
    "long": "-120.79",
    "name": "Placerville",
    "state": {
      "name": "California",
      "abbreviation": "CA"
    },
    "lat": "38.72"
  },
  {
    "url": "http://ci.carson.ca.us/",
    "long": "-118.28",
    "name": "Carson",
    "state": {
      "name": "California",
      "abbreviation": "CA"
    },
    "lat": "33.83"
  },
  {
    "url": "http://www.ci.pleasant-hill.ca.us/",
    "long": "-122.06",
    "name": "Pleasant Hill",
    "state": {
      "name": "California",
      "abbreviation": "CA"
    },
    "lat": "37.94"
  },
  {
    "url": "http://www.cathedralcity.gov/",
    "long": "-116.46",
    "name": "Cathedral City",
    "state": {
      "name": "California",
      "abbreviation": "CA"
    },
    "lat": "33.77"
  },
  {
    "url": "http://www.ci.pleasanton.ca.us/",
    "long": "-121.87",
    "name": "Pleasanton",
    "state": {
      "name": "California",
      "abbreviation": "CA"
    },
    "lat": "37.66"
  },
  {
    "url": "http://www.ci.ceres.ca.us/",
    "long": "-120.95",
    "name": "Ceres",
    "state": {
      "name": "California",
      "abbreviation": "CA"
    },
    "lat": "37.59"
  },
  {
    "url": "http://www.cerritos.us/",
    "long": "-118.06",
    "name": "Cerritos",
    "state": {
      "name": "California",
      "abbreviation": "CA"
    },
    "lat": "33.85"
  },
  {
    "url": "http://www.chico.ca.us/",
    "long": "-121.83",
    "name": "Chico",
    "state": {
      "name": "California",
      "abbreviation": "CA"
    },
    "lat": "39.72"
  },
  {
    "url": "http://www.ci.pomona.ca.us/",
    "long": "-117.75",
    "name": "Pomona",
    "state": {
      "name": "California",
      "abbreviation": "CA"
    },
    "lat": "34.05"
  },
  {
    "url": "http://www.cityofchino.org/",
    "long": "-117.68",
    "name": "Chino",
    "state": {
      "name": "California",
      "abbreviation": "CA"
    },
    "lat": "34.01"
  },
  {
    "url": "http://www.ci.port-hueneme.ca.us/",
    "long": "-119.19",
    "name": "Port Hueneme",
    "state": {
      "name": "California",
      "abbreviation": "CA"
    },
    "lat": "34.14"
  },
  {
    "url": "http://www.chinohills.org/",
    "long": "-117.72",
    "name": "Chino Hills",
    "state": {
      "name": "California",
      "abbreviation": "CA"
    },
    "lat": "33.89"
  },
  {
    "url": "http://www.ci.porterville.ca.us/",
    "long": "-119.01",
    "name": "Porterville",
    "state": {
      "name": "California",
      "abbreviation": "CA"
    },
    "lat": "36.06"
  },
  {
    "url": "http://www.ci.chowchilla.ca.us/",
    "long": "-120.26",
    "name": "Chowchilla",
    "state": {
      "name": "California",
      "abbreviation": "CA"
    },
    "lat": "37.12"
  },
  {
    "url": "http://www.ci.portola.ca.us/",
    "long": "-120.46",
    "name": "Portola",
    "state": {
      "name": "California",
      "abbreviation": "CA"
    },
    "lat": "39.81"
  },
  {
    "url": "http://www.ci.chula-vista.ca.us/",
    "long": "-117.08",
    "name": "Chula Vista",
    "state": {
      "name": "California",
      "abbreviation": "CA"
    },
    "lat": "32.64"
  },
  {
    "url": "http://www.portolavalley.net",
    "long": "-122.23",
    "name": "Portola Valley",
    "state": {
      "name": "California",
      "abbreviation": "CA"
    },
    "lat": "37.38"
  },
  {
    "url": "http://www.citrusheights.net/",
    "long": "-121.28",
    "name": "Citrus Heights",
    "state": {
      "name": "California",
      "abbreviation": "CA"
    },
    "lat": "38.7"
  },
  {
    "url": "http://www.poway.org",
    "long": "-117.03",
    "name": "Poway",
    "state": {
      "name": "California",
      "abbreviation": "CA"
    },
    "lat": "32.96"
  },
  {
    "url": "http://www.ci.claremont.ca.us/",
    "long": "-117.71",
    "name": "Claremont",
    "state": {
      "name": "California",
      "abbreviation": "CA"
    },
    "lat": "34.09"
  },
  {
    "url": "http://www.cityofranchocordova.org/",
    "long": "-121.3",
    "name": "Rancho Cordova",
    "state": {
      "name": "California",
      "abbreviation": "CA"
    },
    "lat": "38.58"
  },
  {
    "url": "http://www.ci.clayton.ca.us/",
    "long": "-121.93",
    "name": "Clayton",
    "state": {
      "name": "California",
      "abbreviation": "CA"
    },
    "lat": "37.94"
  },
  {
    "url": "http://www.ci.rancho-cucamonga.ca.us/",
    "long": "-117.59",
    "name": "Rancho Cucamonga",
    "state": {
      "name": "California",
      "abbreviation": "CA"
    },
    "lat": "34.1"
  },
  {
    "url": "http://www.clearlake.ca.us/",
    "long": "-122.62",
    "name": "Clearlake",
    "state": {
      "name": "California",
      "abbreviation": "CA"
    },
    "lat": "38.95"
  },
  {
    "url": "http://www.ranchomirageca.gov/",
    "long": "-116.41",
    "name": "Rancho Mirage",
    "state": {
      "name": "California",
      "abbreviation": "CA"
    },
    "lat": "33.73"
  },
  {
    "url": "http://www.cloverdale.net/",
    "long": "-123.01",
    "name": "Cloverdale",
    "state": {
      "name": "California",
      "abbreviation": "CA"
    },
    "lat": "38.8"
  },
  {
    "url": "http://www.palosverdes.com/rpv/",
    "long": "-118.38",
    "name": "Rancho Palos Verdes",
    "state": {
      "name": "California",
      "abbreviation": "CA"
    },
    "lat": "33.74"
  },
  {
    "url": "http://www.ci.clovis.ca.us/",
    "long": "-119.7",
    "name": "Clovis",
    "state": {
      "name": "California",
      "abbreviation": "CA"
    },
    "lat": "36.82"
  },
  {
    "url": "http://www.cityofrsm.org/",
    "long": "-117.6",
    "name": "Rancho Santa Margarita",
    "state": {
      "name": "California",
      "abbreviation": "CA"
    },
    "lat": "33.64"
  },
  {
    "url": "http://www.coachella.org/",
    "long": "-116.17",
    "name": "Coachella",
    "state": {
      "name": "California",
      "abbreviation": "CA"
    },
    "lat": "33.68"
  },
  {
    "url": "http://www.ci.red-bluff.ca.us/",
    "long": "-122.23",
    "name": "Red Bluff",
    "state": {
      "name": "California",
      "abbreviation": "CA"
    },
    "lat": "40.17"
  },
  {
    "url": "http://www.coalinga.com/",
    "long": "-120.36",
    "name": "Coalinga",
    "state": {
      "name": "California",
      "abbreviation": "CA"
    },
    "lat": "36.13"
  },
  {
    "url": "http://www.ci.redding.ca.us/",
    "long": "-122.39",
    "name": "Redding",
    "state": {
      "name": "California",
      "abbreviation": "CA"
    },
    "lat": "40.58"
  },
  {
    "url": "http://www.ci.colfax.ca.us/",
    "long": "-120.95",
    "name": "Colfax",
    "state": {
      "name": "California",
      "abbreviation": "CA"
    },
    "lat": "39.1"
  },
  {
    "url": "http://www.ci.redlands.ca.us/",
    "long": "-117.18",
    "name": "Redlands",
    "state": {
      "name": "California",
      "abbreviation": "CA"
    },
    "lat": "34.05"
  },
  {
    "url": "http://www.colma.ca.gov/",
    "long": "-122.45",
    "name": "Colma",
    "state": {
      "name": "California",
      "abbreviation": "CA"
    },
    "lat": "37.67"
  },
  {
    "url": "http://www.redondo.org/",
    "long": "-118.38",
    "name": "Redondo Beach",
    "state": {
      "name": "California",
      "abbreviation": "CA"
    },
    "lat": "33.84"
  },
  {
    "url": "http://www.ci.colton.ca.us/",
    "long": "-117.31",
    "name": "Colton",
    "state": {
      "name": "California",
      "abbreviation": "CA"
    },
    "lat": "34.07"
  },
  {
    "url": "http://www.redwoodcity.org/",
    "long": "-122.23",
    "name": "Redwood City",
    "state": {
      "name": "California",
      "abbreviation": "CA"
    },
    "lat": "37.48"
  },
  {
    "url": "http://www.reedley.com/",
    "long": "-119.45",
    "name": "Reedley",
    "state": {
      "name": "California",
      "abbreviation": "CA"
    },
    "lat": "36.59"
  },
  {
    "url": "http://www.ci.commerce.ca.us/",
    "long": "-118.15",
    "name": "Commerce",
    "state": {
      "name": "California",
      "abbreviation": "CA"
    },
    "lat": "34"
  },
  {
    "url": "http://www.ci.rialto.ca.us/",
    "long": "-117.37",
    "name": "Rialto",
    "state": {
      "name": "California",
      "abbreviation": "CA"
    },
    "lat": "34.1"
  },
  {
    "url": "http://www.comptoncity.org/",
    "long": "-118.22",
    "name": "Compton",
    "state": {
      "name": "California",
      "abbreviation": "CA"
    },
    "lat": "33.89"
  },
  {
    "url": "http://www.ci.richmond.ca.us/",
    "long": "-122.34",
    "name": "Richmond",
    "state": {
      "name": "California",
      "abbreviation": "CA"
    },
    "lat": "37.93"
  },
  {
    "url": "http://www.ci.concord.ca.us/",
    "long": "-122.03",
    "name": "Concord",
    "state": {
      "name": "California",
      "abbreviation": "CA"
    },
    "lat": "37.97"
  },
  {
    "url": "http://www.ci.ridgecrest.ca.us/",
    "long": "-117.67",
    "name": "Ridgecrest",
    "state": {
      "name": "California",
      "abbreviation": "CA"
    },
    "lat": "35.62"
  },
  {
    "url": "http://www.cityofcorcoran.com/",
    "long": "-119.56",
    "name": "Corcoran",
    "state": {
      "name": "California",
      "abbreviation": "CA"
    },
    "lat": "36.09"
  },
  {
    "url": "http://www.corning.org/",
    "long": "-122.17",
    "name": "Corning",
    "state": {
      "name": "California",
      "abbreviation": "CA"
    },
    "lat": "39.92"
  },
  {
    "url": "http://www.rio-vista-ca.com/",
    "long": "-121.69",
    "name": "Rio Vista",
    "state": {
      "name": "California",
      "abbreviation": "CA"
    },
    "lat": "38.15"
  },
  {
    "url": "http://www.ci.corona.ca.us/",
    "long": "-117.56",
    "name": "Corona",
    "state": {
      "name": "California",
      "abbreviation": "CA"
    },
    "lat": "33.87"
  },
  {
    "url": "http://www.cityofripon.org/",
    "long": "-121.12",
    "name": "Ripon",
    "state": {
      "name": "California",
      "abbreviation": "CA"
    },
    "lat": "37.74"
  },
  {
    "url": "http://www.coronado.ca.us/",
    "long": "-117.18",
    "name": "Coronado",
    "state": {
      "name": "California",
      "abbreviation": "CA"
    },
    "lat": "32.68"
  },
  {
    "url": "http://www.riverbank.org/",
    "long": "-120.93",
    "name": "Riverbank",
    "state": {
      "name": "California",
      "abbreviation": "CA"
    },
    "lat": "37.73"
  },
  {
    "url": "http://www.ci.corte-madera.ca.us/",
    "long": "-122.52",
    "name": "Corte Madera",
    "state": {
      "name": "California",
      "abbreviation": "CA"
    },
    "lat": "37.92"
  },
  {
    "url": "http://www.riverside-ca.org/",
    "long": "-117.39",
    "name": "Riverside",
    "state": {
      "name": "California",
      "abbreviation": "CA"
    },
    "lat": "33.95"
  },
  {
    "url": "http://www.ci.costa-mesa.ca.us/",
    "long": "-117.91",
    "name": "Costa Mesa",
    "state": {
      "name": "California",
      "abbreviation": "CA"
    },
    "lat": "33.64"
  },
  {
    "url": "http://www.rocklin.ca.gov/",
    "long": "-121.23",
    "name": "Rocklin",
    "state": {
      "name": "California",
      "abbreviation": "CA"
    },
    "lat": "38.79"
  },
  {
    "url": "http://www.ci.cotati.ca.us/",
    "long": "-122.7",
    "name": "Cotati",
    "state": {
      "name": "California",
      "abbreviation": "CA"
    },
    "lat": "38.32"
  },
  {
    "url": "http://www.ci.rohnert-park.ca.us/",
    "long": "-122.7",
    "name": "Rohnert Park",
    "state": {
      "name": "California",
      "abbreviation": "CA"
    },
    "lat": "38.33"
  },
  {
    "url": "http://www.ci.covina.ca.us/",
    "long": "-117.89",
    "name": "Covina",
    "state": {
      "name": "California",
      "abbreviation": "CA"
    },
    "lat": "34.09"
  },
  {
    "url": "http://www.palosverdes.com/rh/",
    "long": "-118.35",
    "name": "Rolling Hills",
    "state": {
      "name": "California",
      "abbreviation": "CA"
    },
    "lat": "33.75"
  },
  {
    "url": "http://www.crescentcity.org/",
    "long": "-124.2",
    "name": "Crescent City",
    "state": {
      "name": "California",
      "abbreviation": "CA"
    },
    "lat": "41.75"
  },
  {
    "url": "http://www.palosverdes.com/rhe/",
    "long": "-118.35",
    "name": "Rolling Hills Estates",
    "state": {
      "name": "California",
      "abbreviation": "CA"
    },
    "lat": "33.78"
  },
  {
    "url": "http://www.cudahy.ca.us/",
    "long": "-118.18",
    "name": "Cudahy",
    "state": {
      "name": "California",
      "abbreviation": "CA"
    },
    "lat": "33.96"
  },
  {
    "url": "http://www.culvercity.org/",
    "long": "-118.39",
    "name": "Culver City",
    "state": {
      "name": "California",
      "abbreviation": "CA"
    },
    "lat": "34.02"
  },
  {
    "url": "http://www.roseville.ca.us/",
    "long": "-121.28",
    "name": "Roseville",
    "state": {
      "name": "California",
      "abbreviation": "CA"
    },
    "lat": "38.75"
  },
  {
    "url": "http://www.cupertino.org/",
    "long": "-122.03",
    "name": "Cupertino",
    "state": {
      "name": "California",
      "abbreviation": "CA"
    },
    "lat": "37.32"
  },
  {
    "url": "http://www.ci.cypress.ca.us/",
    "long": "-118.03",
    "name": "Cypress",
    "state": {
      "name": "California",
      "abbreviation": "CA"
    },
    "lat": "33.81"
  },
  {
    "url": "http://www.cityofsacramento.org/",
    "long": "-121.49",
    "name": "Sacramento",
    "state": {
      "name": "California",
      "abbreviation": "CA"
    },
    "lat": "38.58"
  },
  {
    "url": "http://www.dalycity.org/",
    "long": "-122.46",
    "name": "Daly City",
    "state": {
      "name": "California",
      "abbreviation": "CA"
    },
    "lat": "37.7"
  },
  {
    "url": "http://www.ci.salinas.ca.us/",
    "long": "-121.65",
    "name": "Salinas",
    "state": {
      "name": "California",
      "abbreviation": "CA"
    },
    "lat": "36.67"
  },
  {
    "url": "http://www.danapoint.org/",
    "long": "-117.69",
    "name": "Dana Point",
    "state": {
      "name": "California",
      "abbreviation": "CA"
    },
    "lat": "33.46"
  },
  {
    "url": "http://www.townofsananselmo.org/",
    "long": "-122.56",
    "name": "San Anselmo",
    "state": {
      "name": "California",
      "abbreviation": "CA"
    },
    "lat": "37.97"
  },
  {
    "url": "http://www.ci.danville.ca.us/",
    "long": "-121.99",
    "name": "Danville",
    "state": {
      "name": "California",
      "abbreviation": "CA"
    },
    "lat": "37.82"
  },
  {
    "url": "http://www.ci.san-bernardino.ca.us/",
    "long": "-117.28",
    "name": "San Bernardino",
    "state": {
      "name": "California",
      "abbreviation": "CA"
    },
    "lat": "34.1"
  },
  {
    "url": "http://cityofdavis.org/",
    "long": "-121.74",
    "name": "Davis",
    "state": {
      "name": "California",
      "abbreviation": "CA"
    },
    "lat": "38.54"
  },
  {
    "url": "http://sanbruno.ca.gov/",
    "long": "-122.41",
    "name": "San Bruno",
    "state": {
      "name": "California",
      "abbreviation": "CA"
    },
    "lat": "37.63"
  },
  {
    "url": "http://www.delmar.ca.us/",
    "long": "-117.26",
    "name": "Del Mar",
    "state": {
      "name": "California",
      "abbreviation": "CA"
    },
    "lat": "32.95"
  },
  {
    "url": "http://www.cityofsancarlos.org/",
    "long": "-122.26",
    "name": "San Carlos",
    "state": {
      "name": "California",
      "abbreviation": "CA"
    },
    "lat": "37.5"
  },
  {
    "url": "http://www.delreyoaks.org",
    "long": "-121.83",
    "name": "Del Rey Oaks",
    "state": {
      "name": "California",
      "abbreviation": "CA"
    },
    "lat": "36.59"
  },
  {
    "url": "http://www.san-clemente.org/",
    "long": "-117.61",
    "name": "San Clemente",
    "state": {
      "name": "California",
      "abbreviation": "CA"
    },
    "lat": "33.42"
  },
  {
    "url": "http://delano-ca.org/",
    "long": "-119.24",
    "name": "Delano",
    "state": {
      "name": "California",
      "abbreviation": "CA"
    },
    "lat": "35.76"
  },
  {
    "url": "http://www.sandiego.gov/",
    "long": "-117.15",
    "name": "San Diego",
    "state": {
      "name": "California",
      "abbreviation": "CA"
    },
    "lat": "32.71"
  },
  {
    "url": "http://www.cityofdhs.org/",
    "long": "-116.5",
    "name": "Desert Hot Springs",
    "state": {
      "name": "California",
      "abbreviation": "CA"
    },
    "lat": "33.96"
  },
  {
    "url": "http://www.cityofsandimas.com/",
    "long": "-117.8",
    "name": "San Dimas",
    "state": {
      "name": "California",
      "abbreviation": "CA"
    },
    "lat": "34.1"
  },
  {
    "url": "http://www.ci.diamond-bar.ca.us/",
    "long": "-117.81",
    "name": "Diamond Bar",
    "state": {
      "name": "California",
      "abbreviation": "CA"
    },
    "lat": "34.02"
  },
  {
    "url": "http://www.ci.san-fernando.ca.us/",
    "long": "-118.43",
    "name": "San Fernando",
    "state": {
      "name": "California",
      "abbreviation": "CA"
    },
    "lat": "34.28"
  },
  {
    "url": "http://www.dinuba.org/",
    "long": "-119.38",
    "name": "Dinuba",
    "state": {
      "name": "California",
      "abbreviation": "CA"
    },
    "lat": "36.54"
  },
  {
    "url": "http://www.sfgov.org/",
    "long": "-122.41",
    "name": "San Francisco",
    "state": {
      "name": "California",
      "abbreviation": "CA"
    },
    "lat": "37.77"
  },
  {
    "url": "http://www.ci.dixon.ca.us/",
    "long": "-121.82",
    "name": "Dixon",
    "state": {
      "name": "California",
      "abbreviation": "CA"
    },
    "lat": "38.44"
  },
  {
    "url": "http://www.sangabrielcity.com/",
    "long": "-118.1",
    "name": "San Gabriel",
    "state": {
      "name": "California",
      "abbreviation": "CA"
    },
    "lat": "34.09"
  },
  {
    "url": "http://www.ci.san-jacinto.ca.us/",
    "long": "-116.95",
    "name": "San Jacinto",
    "state": {
      "name": "California",
      "abbreviation": "CA"
    },
    "lat": "33.78"
  },
  {
    "url": "http://www.cityofsanjoaquin.org/",
    "long": "-120.18",
    "name": "San Joaquin",
    "state": {
      "name": "California",
      "abbreviation": "CA"
    },
    "lat": "36.6"
  },
  {
    "url": "http://www.sanjoseca.gov/",
    "long": "-121.89",
    "name": "San Jose",
    "state": {
      "name": "California",
      "abbreviation": "CA"
    },
    "lat": "37.33"
  },
  {
    "url": "http://www.downeyca.org/",
    "long": "-118.13",
    "name": "Downey",
    "state": {
      "name": "California",
      "abbreviation": "CA"
    },
    "lat": "33.94"
  },
  {
    "url": "http://www.accessduarte.com/",
    "long": "-117.97",
    "name": "Duarte",
    "state": {
      "name": "California",
      "abbreviation": "CA"
    },
    "lat": "34.13"
  },
  {
    "url": "http://www.sanjuancapistrano.org/",
    "long": "-117.66",
    "name": "San Juan Capistrano",
    "state": {
      "name": "California",
      "abbreviation": "CA"
    },
    "lat": "33.5"
  },
  {
    "url": "http://www.ci.dublin.ca.us/",
    "long": "-121.93",
    "name": "Dublin",
    "state": {
      "name": "California",
      "abbreviation": "CA"
    },
    "lat": "37.7"
  },
  {
    "url": "http://www.ci.san-leandro.ca.us/",
    "long": "-122.15",
    "name": "San Leandro",
    "state": {
      "name": "California",
      "abbreviation": "CA"
    },
    "lat": "37.72"
  },
  {
    "url": "http://www.ci.dunsmuir.ca.us/",
    "long": "-122.27",
    "name": "Dunsmuir",
    "state": {
      "name": "California",
      "abbreviation": "CA"
    },
    "lat": "41.2"
  },
  {
    "url": "http://www.slocity.org/",
    "long": "-120.65",
    "name": "San Luis Obispo",
    "state": {
      "name": "California",
      "abbreviation": "CA"
    },
    "lat": "35.28"
  },
  {
    "url": "http://www.ci.east-palo-alto.ca.us/",
    "long": "-122.14",
    "name": "East Palo Alto",
    "state": {
      "name": "California",
      "abbreviation": "CA"
    },
    "lat": "37.46"
  },
  {
    "url": "http://www.ci.san-marcos.ca.us/",
    "long": "-117.16",
    "name": "San Marcos",
    "state": {
      "name": "California",
      "abbreviation": "CA"
    },
    "lat": "33.14"
  },
  {
    "url": "http://www.ci.el-cajon.ca.us/",
    "long": "-116.96",
    "name": "El Cajon",
    "state": {
      "name": "California",
      "abbreviation": "CA"
    },
    "lat": "32.79"
  },
  {
    "url": "http://www.ci.san-marino.ca.us/",
    "long": "-118.1",
    "name": "San Marino",
    "state": {
      "name": "California",
      "abbreviation": "CA"
    },
    "lat": "34.12"
  },
  {
    "url": "http://www.cityofelcentro.org/",
    "long": "-115.56",
    "name": "El Centro",
    "state": {
      "name": "California",
      "abbreviation": "CA"
    },
    "lat": "32.79"
  },
  {
    "url": "http://www.ci.sanmateo.ca.us/",
    "long": "-122.32",
    "name": "San Mateo",
    "state": {
      "name": "California",
      "abbreviation": "CA"
    },
    "lat": "37.56"
  },
  {
    "url": "http://www.el-cerrito.org/",
    "long": "-122.31",
    "name": "El Cerrito",
    "state": {
      "name": "California",
      "abbreviation": "CA"
    },
    "lat": "37.91"
  },
  {
    "url": "http://www.ci.san-pablo.ca.us/",
    "long": "-122.34",
    "name": "San Pablo",
    "state": {
      "name": "California",
      "abbreviation": "CA"
    },
    "lat": "37.96"
  },
  {
    "url": "http://www.elmonte.org/",
    "long": "-118.02",
    "name": "El Monte",
    "state": {
      "name": "California",
      "abbreviation": "CA"
    },
    "lat": "34.06"
  },
  {
    "url": "http://www.cityofsanrafael.org/",
    "long": "-122.53",
    "name": "San Rafael",
    "state": {
      "name": "California",
      "abbreviation": "CA"
    },
    "lat": "37.97"
  },
  {
    "url": "http://www.elsegundo.org/",
    "long": "-118.41",
    "name": "El Segundo",
    "state": {
      "name": "California",
      "abbreviation": "CA"
    },
    "lat": "33.91"
  },
  {
    "url": "http://www.ci.san-ramon.ca.us/",
    "long": "-121.97",
    "name": "San Ramon",
    "state": {
      "name": "California",
      "abbreviation": "CA"
    },
    "lat": "37.77"
  },
  {
    "url": "http://www.elkgrovecity.org/",
    "long": "-121.37",
    "name": "Elk Grove",
    "state": {
      "name": "California",
      "abbreviation": "CA"
    },
    "lat": "38.4"
  },
  {
    "url": "http://www.sandcity.org/",
    "long": "-121.84",
    "name": "Sand City",
    "state": {
      "name": "California",
      "abbreviation": "CA"
    },
    "lat": "36.61"
  },
  {
    "url": "http://www.ci.emeryville.ca.us/",
    "long": "-122.28",
    "name": "Emeryville",
    "state": {
      "name": "California",
      "abbreviation": "CA"
    },
    "lat": "37.83"
  },
  {
    "url": "http://www.ci.sanger.ca.us/",
    "long": "-119.55",
    "name": "Sanger",
    "state": {
      "name": "California",
      "abbreviation": "CA"
    },
    "lat": "36.7"
  },
  {
    "url": "http://www.ci.encinitas.ca.us/",
    "long": "-117.29",
    "name": "Encinitas",
    "state": {
      "name": "California",
      "abbreviation": "CA"
    },
    "lat": "33.03"
  },
  {
    "url": "http://www.ci.santa-ana.ca.us/",
    "long": "-117.86",
    "name": "Santa Ana",
    "state": {
      "name": "California",
      "abbreviation": "CA"
    },
    "lat": "33.74"
  },
  {
    "url": "http://www.cityofescalon.org/",
    "long": "-120.99",
    "name": "Escalon",
    "state": {
      "name": "California",
      "abbreviation": "CA"
    },
    "lat": "37.79"
  },
  {
    "url": "http://www.santabarbaraca.gov/",
    "long": "-119.69",
    "name": "Santa Barbara",
    "state": {
      "name": "California",
      "abbreviation": "CA"
    },
    "lat": "34.42"
  },
  {
    "url": "http://www.ci.escondido.ca.us/",
    "long": "-117.08",
    "name": "Escondido",
    "state": {
      "name": "California",
      "abbreviation": "CA"
    },
    "lat": "33.11"
  },
  {
    "url": "http://www.santaclaraca.gov/",
    "long": "-121.95",
    "name": "Santa Clara",
    "state": {
      "name": "California",
      "abbreviation": "CA"
    },
    "lat": "37.35"
  },
  {
    "url": "http://www.santa-clarita.com/",
    "long": "-118.54",
    "name": "Santa Clarita",
    "state": {
      "name": "California",
      "abbreviation": "CA"
    },
    "lat": "34.39"
  },
  {
    "url": "http://www.eurekawebs.com/cityhall/",
    "long": "-124.16",
    "name": "Eureka",
    "state": {
      "name": "California",
      "abbreviation": "CA"
    },
    "lat": "40.8"
  },
  {
    "url": "http://www.cityofsantacruz.com/",
    "long": "-122.03",
    "name": "Santa Cruz",
    "state": {
      "name": "California",
      "abbreviation": "CA"
    },
    "lat": "36.97"
  },
  {
    "url": "http://www.santafesprings.org/",
    "long": "-118.08",
    "name": "Santa Fe Springs",
    "state": {
      "name": "California",
      "abbreviation": "CA"
    },
    "lat": "33.94"
  },
  {
    "url": "http://www.town-of-fairfax.org",
    "long": "-122.58",
    "name": "Fairfax",
    "state": {
      "name": "California",
      "abbreviation": "CA"
    },
    "lat": "37.98"
  },
  {
    "url": "http://www.ci.santa-maria.ca.us/",
    "long": "-120.43",
    "name": "Santa Maria",
    "state": {
      "name": "California",
      "abbreviation": "CA"
    },
    "lat": "34.95"
  },
  {
    "url": "http://www.ci.fairfield.ca.us/",
    "long": "-122.03",
    "name": "Fairfield",
    "state": {
      "name": "California",
      "abbreviation": "CA"
    },
    "lat": "38.24"
  },
  {
    "url": "http://www.santa-monica.org/",
    "long": "-118.49",
    "name": "Santa Monica",
    "state": {
      "name": "California",
      "abbreviation": "CA"
    },
    "lat": "34.01"
  },
  {
    "url": "http://www.ci.santa-paula.ca.us/",
    "long": "-119.05",
    "name": "Santa Paula",
    "state": {
      "name": "California",
      "abbreviation": "CA"
    },
    "lat": "34.35"
  },
  {
    "url": "http://www.ferndale-ca-gov.org/",
    "long": "-124.26",
    "name": "Ferndale",
    "state": {
      "name": "California",
      "abbreviation": "CA"
    },
    "lat": "40.57"
  },
  {
    "url": "http://ci.santa-rosa.ca.us/",
    "long": "-122.71",
    "name": "Santa Rosa",
    "state": {
      "name": "California",
      "abbreviation": "CA"
    },
    "lat": "38.44"
  },
  {
    "url": "http://www.fillmoreca.com/",
    "long": "-118.91",
    "name": "Fillmore",
    "state": {
      "name": "California",
      "abbreviation": "CA"
    },
    "lat": "34.39"
  },
  {
    "url": "http://www.ci.santee.ca.us/",
    "long": "-116.97",
    "name": "Santee",
    "state": {
      "name": "California",
      "abbreviation": "CA"
    },
    "lat": "32.83"
  },
  {
    "url": "http://www.ci.firebaugh.ca.us/",
    "long": "-120.45",
    "name": "Firebaugh",
    "state": {
      "name": "California",
      "abbreviation": "CA"
    },
    "lat": "36.85"
  },
  {
    "url": "http://www.saratoga.ca.us/",
    "long": "-122.02",
    "name": "Saratoga",
    "state": {
      "name": "California",
      "abbreviation": "CA"
    },
    "lat": "37.26"
  },
  {
    "url": "http://www.folsom.ca.us/",
    "long": "-121.17",
    "name": "Folsom",
    "state": {
      "name": "California",
      "abbreviation": "CA"
    },
    "lat": "38.67"
  },
  {
    "url": "http://www.ci.sausalito.ca.us/",
    "long": "-122.48",
    "name": "Sausalito",
    "state": {
      "name": "California",
      "abbreviation": "CA"
    },
    "lat": "37.85"
  },
  {
    "url": "http://www.fontana.org/",
    "long": "-117.43",
    "name": "Fontana",
    "state": {
      "name": "California",
      "abbreviation": "CA"
    },
    "lat": "34.09"
  },
  {
    "url": "http://www.scottsvalley.org/",
    "long": "-122.01",
    "name": "Scotts Valley",
    "state": {
      "name": "California",
      "abbreviation": "CA"
    },
    "lat": "37.05"
  },
  {
    "url": "http://ci.fort-bragg.ca.us/",
    "long": "-123.8",
    "name": "Fort Bragg",
    "state": {
      "name": "California",
      "abbreviation": "CA"
    },
    "lat": "39.44"
  },
  {
    "url": "http://www.ci.seal-beach.ca.us/",
    "long": "-118.1",
    "name": "Seal Beach",
    "state": {
      "name": "California",
      "abbreviation": "CA"
    },
    "lat": "33.74"
  },
  {
    "url": "http://www.ci.seaside.ca.us/",
    "long": "-121.85",
    "name": "Seaside",
    "state": {
      "name": "California",
      "abbreviation": "CA"
    },
    "lat": "36.61"
  },
  {
    "url": "http://www.sunnyfortuna.com/",
    "long": "-124.15",
    "name": "Fortuna",
    "state": {
      "name": "California",
      "abbreviation": "CA"
    },
    "lat": "40.59"
  },
  {
    "url": "http://www.ci.sebastopol.ca.us/",
    "long": "-122.82",
    "name": "Sebastopol",
    "state": {
      "name": "California",
      "abbreviation": "CA"
    },
    "lat": "38.4"
  },
  {
    "url": "http://www.fostercity.org/",
    "long": "-122.27",
    "name": "Foster City",
    "state": {
      "name": "California",
      "abbreviation": "CA"
    },
    "lat": "37.55"
  },
  {
    "url": "http://www.cityofselma.com/",
    "long": "-119.61",
    "name": "Selma",
    "state": {
      "name": "California",
      "abbreviation": "CA"
    },
    "lat": "36.57"
  },
  {
    "url": "http://www.fountainvalley.org/",
    "long": "-117.95",
    "name": "Fountain Valley",
    "state": {
      "name": "California",
      "abbreviation": "CA"
    },
    "lat": "33.7"
  },
  {
    "url": "http://www.shafter.com/",
    "long": "-119.27",
    "name": "Shafter",
    "state": {
      "name": "California",
      "abbreviation": "CA"
    },
    "lat": "35.5"
  },
  {
    "url": "http://www.fowlercity.org/",
    "long": "-119.67",
    "name": "Fowler",
    "state": {
      "name": "California",
      "abbreviation": "CA"
    },
    "lat": "36.63"
  },
  {
    "url": "http://www.ci.shasta-lake.ca.us/",
    "long": "-122.37",
    "name": "Shasta Lake",
    "state": {
      "name": "California",
      "abbreviation": "CA"
    },
    "lat": "40.68"
  },
  {
    "url": "http://www.fremont.gov/",
    "long": "-121.98",
    "name": "Fremont",
    "state": {
      "name": "California",
      "abbreviation": "CA"
    },
    "lat": "37.54"
  },
  {
    "url": "http://www.fresno.gov/",
    "long": "-119.77",
    "name": "Fresno",
    "state": {
      "name": "California",
      "abbreviation": "CA"
    },
    "lat": "36.74"
  },
  {
    "url": "http://www.cityofsignalhill.org/",
    "long": "-118.16",
    "name": "Signal Hill",
    "state": {
      "name": "California",
      "abbreviation": "CA"
    },
    "lat": "33.8"
  },
  {
    "url": "http://www.ci.fullerton.ca.us/",
    "long": "-117.92",
    "name": "Fullerton",
    "state": {
      "name": "California",
      "abbreviation": "CA"
    },
    "lat": "33.87"
  },
  {
    "url": "http://www.ci.simi-valley.ca.us/",
    "long": "-118.78",
    "name": "Simi Valley",
    "state": {
      "name": "California",
      "abbreviation": "CA"
    },
    "lat": "34.26"
  },
  {
    "url": "http://www.ci.galt.ca.us/",
    "long": "-121.29",
    "name": "Galt",
    "state": {
      "name": "California",
      "abbreviation": "CA"
    },
    "lat": "38.25"
  },
  {
    "url": "http://www.ci.solana-beach.ca.us/",
    "long": "-117.27",
    "name": "Solana Beach",
    "state": {
      "name": "California",
      "abbreviation": "CA"
    },
    "lat": "32.99"
  },
  {
    "url": "http://www.ci.garden-grove.ca.us/",
    "long": "-117.94",
    "name": "Garden Grove",
    "state": {
      "name": "California",
      "abbreviation": "CA"
    },
    "lat": "33.77"
  },
  {
    "url": "http://www.cityofsoledad.com/",
    "long": "-121.32",
    "name": "Soledad",
    "state": {
      "name": "California",
      "abbreviation": "CA"
    },
    "lat": "36.42"
  },
  {
    "url": "http://www.ci.gardena.ca.us/",
    "long": "-118.3",
    "name": "Gardena",
    "state": {
      "name": "California",
      "abbreviation": "CA"
    },
    "lat": "33.88"
  },
  {
    "url": "http://www.cityofsolvang.com/",
    "long": "-120.13",
    "name": "Solvang",
    "state": {
      "name": "California",
      "abbreviation": "CA"
    },
    "lat": "34.59"
  },
  {
    "url": "http://www.cityofgilroy.org/",
    "long": "-121.56",
    "name": "Gilroy",
    "state": {
      "name": "California",
      "abbreviation": "CA"
    },
    "lat": "37"
  },
  {
    "url": "http://www.sonomacity.org/",
    "long": "-122.45",
    "name": "Sonoma",
    "state": {
      "name": "California",
      "abbreviation": "CA"
    },
    "lat": "38.29"
  },
  {
    "url": "http://www.ci.glendale.ca.us/",
    "long": "-118.25",
    "name": "Glendale",
    "state": {
      "name": "California",
      "abbreviation": "CA"
    },
    "lat": "34.14"
  },
  {
    "url": "http://www.sonoraca.com/",
    "long": "-120.38",
    "name": "Sonora",
    "state": {
      "name": "California",
      "abbreviation": "CA"
    },
    "lat": "37.98"
  },
  {
    "url": "http://www.ci.glendora.ca.us/",
    "long": "-117.86",
    "name": "Glendora",
    "state": {
      "name": "California",
      "abbreviation": "CA"
    },
    "lat": "34.13"
  },
  {
    "url": "http://www.ci.south-el-monte.ca.us/",
    "long": "-118.04",
    "name": "South El Monte",
    "state": {
      "name": "California",
      "abbreviation": "CA"
    },
    "lat": "34.05"
  },
  {
    "url": "http://www.cityofgoleta.org/",
    "long": "-119.82",
    "name": "Goleta",
    "state": {
      "name": "California",
      "abbreviation": "CA"
    },
    "lat": "34.43"
  },
  {
    "url": "http://www.cityofsouthgate.org/",
    "long": "-118.21",
    "name": "South Gate",
    "state": {
      "name": "California",
      "abbreviation": "CA"
    },
    "lat": "33.95"
  },
  {
    "url": "http://www.ci.gonzales.ca.us/",
    "long": "-121.44",
    "name": "Gonzales",
    "state": {
      "name": "California",
      "abbreviation": "CA"
    },
    "lat": "36.5"
  },
  {
    "url": "http://www.cityofslt.us/",
    "long": "-119.98",
    "name": "South Lake Tahoe",
    "state": {
      "name": "California",
      "abbreviation": "CA"
    },
    "lat": "38.93"
  },
  {
    "url": "http://www.ci.south-pasadena.ca.us/",
    "long": "-118.15",
    "name": "South Pasadena",
    "state": {
      "name": "California",
      "abbreviation": "CA"
    },
    "lat": "34.11"
  },
  {
    "url": "http://www.cityofgrassvalley.com/",
    "long": "-121.06",
    "name": "Grass Valley",
    "state": {
      "name": "California",
      "abbreviation": "CA"
    },
    "lat": "39.21"
  },
  {
    "url": "http://www.ci.ssf.ca.us/",
    "long": "-122.4",
    "name": "South San Francisco",
    "state": {
      "name": "California",
      "abbreviation": "CA"
    },
    "lat": "37.65"
  },
  {
    "url": "http://www.ci.greenfield.ca.us/",
    "long": "-121.24",
    "name": "Greenfield",
    "state": {
      "name": "California",
      "abbreviation": "CA"
    },
    "lat": "36.32"
  },
  {
    "url": "http://www.ci.st-helena.ca.us/",
    "long": "-122.47",
    "name": "Saint Helena",
    "state": {
      "name": "California",
      "abbreviation": "CA"
    },
    "lat": "38.5"
  },
  {
    "url": "http://www.gridley.ca.us/",
    "long": "-121.69",
    "name": "Gridley",
    "state": {
      "name": "California",
      "abbreviation": "CA"
    },
    "lat": "39.36"
  },
  {
    "url": "http://www.ci.stanton.ca.us/",
    "long": "-117.99",
    "name": "Stanton",
    "state": {
      "name": "California",
      "abbreviation": "CA"
    },
    "lat": "33.8"
  },
  {
    "url": "http://www.grover.org/",
    "long": "-120.62",
    "name": "Grover Beach",
    "state": {
      "name": "California",
      "abbreviation": "CA"
    },
    "lat": "35.12"
  },
  {
    "url": "http://www.ci.stockton.ca.us/",
    "long": "-121.29",
    "name": "Stockton",
    "state": {
      "name": "California",
      "abbreviation": "CA"
    },
    "lat": "37.95"
  },
  {
    "url": "http://www.ci.guadalupe.ca.us./",
    "long": "-120.57",
    "name": "Guadalupe",
    "state": {
      "name": "California",
      "abbreviation": "CA"
    },
    "lat": "34.97"
  },
  {
    "url": "http://www.suisun.com/",
    "long": "-122.04",
    "name": "Suisun City",
    "state": {
      "name": "California",
      "abbreviation": "CA"
    },
    "lat": "38.23"
  },
  {
    "url": "http://www.ci.gustine.ca.us/",
    "long": "-120.99",
    "name": "Gustine",
    "state": {
      "name": "California",
      "abbreviation": "CA"
    },
    "lat": "37.25"
  },
  {
    "url": "http://www.sunnyvale.ca.gov/",
    "long": "-122.03",
    "name": "Sunnyvale",
    "state": {
      "name": "California",
      "abbreviation": "CA"
    },
    "lat": "37.36"
  },
  {
    "url": "http://ci.half-moon-bay.ca.us/",
    "long": "-122.42",
    "name": "Half Moon Bay",
    "state": {
      "name": "California",
      "abbreviation": "CA"
    },
    "lat": "37.46"
  },
  {
    "url": "http://www.cityofsusanville.org/",
    "long": "-120.65",
    "name": "Susanville",
    "state": {
      "name": "California",
      "abbreviation": "CA"
    },
    "lat": "40.41"
  },
  {
    "url": "http://www.ci.hanford.ca.us/",
    "long": "-119.64",
    "name": "Hanford",
    "state": {
      "name": "California",
      "abbreviation": "CA"
    },
    "lat": "36.32"
  },
  {
    "url": "http://www.ci.sutter-creek.ca.us/",
    "long": "-120.8",
    "name": "Sutter Creek",
    "state": {
      "name": "California",
      "abbreviation": "CA"
    },
    "lat": "38.39"
  },
  {
    "url": "http://www.hgcity.org/",
    "long": "-118.07",
    "name": "Hawaiian Gardens",
    "state": {
      "name": "California",
      "abbreviation": "CA"
    },
    "lat": "33.83"
  },
  {
    "url": "http://www.cityoftaft.org/",
    "long": "-119.45",
    "name": "Taft",
    "state": {
      "name": "California",
      "abbreviation": "CA"
    },
    "lat": "35.14"
  },
  {
    "url": "http://www.cityofhawthorne.com/",
    "long": "-118.35",
    "name": "Hawthorne",
    "state": {
      "name": "California",
      "abbreviation": "CA"
    },
    "lat": "33.91"
  },
  {
    "url": "http://www.tehachapicityhall.com/",
    "long": "-118.44",
    "name": "Tehachapi",
    "state": {
      "name": "California",
      "abbreviation": "CA"
    },
    "lat": "35.13"
  },
  {
    "url": "http://www.ci.hayward.ca.us/",
    "long": "-122.08",
    "name": "Hayward",
    "state": {
      "name": "California",
      "abbreviation": "CA"
    },
    "lat": "37.66"
  },
  {
    "url": "http://www.ci.healdsburg.ca.us/",
    "long": "-122.86",
    "name": "Healdsburg",
    "state": {
      "name": "California",
      "abbreviation": "CA"
    },
    "lat": "38.61"
  },
  {
    "url": "http://www.cityoftemecula.org/",
    "long": "-117.14",
    "name": "Temecula",
    "state": {
      "name": "California",
      "abbreviation": "CA"
    },
    "lat": "33.49"
  },
  {
    "url": "http://www.cityofhemet.org/",
    "long": "-116.97",
    "name": "Hemet",
    "state": {
      "name": "California",
      "abbreviation": "CA"
    },
    "lat": "33.74"
  },
  {
    "url": "http://www.ci.temple-city.ca.us/",
    "long": "-118.05",
    "name": "Temple City",
    "state": {
      "name": "California",
      "abbreviation": "CA"
    },
    "lat": "34.1"
  },
  {
    "url": "http://www.ci.hercules.ca.us/",
    "long": "-122.28",
    "name": "Hercules",
    "state": {
      "name": "California",
      "abbreviation": "CA"
    },
    "lat": "38.01"
  },
  {
    "url": "http://ci.thousand-oaks.ca.us/",
    "long": "-118.83",
    "name": "Thousand Oaks",
    "state": {
      "name": "California",
      "abbreviation": "CA"
    },
    "lat": "34.17"
  },
  {
    "url": "http://www.hermosabch.org/",
    "long": "-118.39",
    "name": "Hermosa Beach",
    "state": {
      "name": "California",
      "abbreviation": "CA"
    },
    "lat": "33.86"
  },
  {
    "url": "http://www.ci.tiburon.ca.us/",
    "long": "-122.45",
    "name": "Tiburon",
    "state": {
      "name": "California",
      "abbreviation": "CA"
    },
    "lat": "37.87"
  },
  {
    "url": "http://www.cityofhesperia.us/",
    "long": "-117.3",
    "name": "Hesperia",
    "state": {
      "name": "California",
      "abbreviation": "CA"
    },
    "lat": "34.42"
  },
  {
    "url": "http://www.ci.torrance.ca.us/",
    "long": "-118.34",
    "name": "Torrance",
    "state": {
      "name": "California",
      "abbreviation": "CA"
    },
    "lat": "33.83"
  },
  {
    "url": "http://www.hiddenhillscity.org/",
    "long": "-118.65",
    "name": "Hidden Hills",
    "state": {
      "name": "California",
      "abbreviation": "CA"
    },
    "lat": "34.16"
  },
  {
    "url": "http://www.ci.tracy.ca.us/",
    "long": "-121.42",
    "name": "Tracy",
    "state": {
      "name": "California",
      "abbreviation": "CA"
    },
    "lat": "37.73"
  },
  {
    "url": "http://www.ci.highland.ca.us/",
    "long": "-117.2",
    "name": "Highland",
    "state": {
      "name": "California",
      "abbreviation": "CA"
    },
    "lat": "34.12"
  },
  {
    "url": "http://www.hillsborough.net/",
    "long": "-122.37",
    "name": "Hillsborough",
    "state": {
      "name": "California",
      "abbreviation": "CA"
    },
    "lat": "37.57"
  },
  {
    "url": "http://www.townoftruckee.com/",
    "long": "-120.18",
    "name": "Truckee",
    "state": {
      "name": "California",
      "abbreviation": "CA"
    },
    "lat": "39.32"
  },
  {
    "url": "http://www.hollister.ca.gov/",
    "long": "-121.4",
    "name": "Hollister",
    "state": {
      "name": "California",
      "abbreviation": "CA"
    },
    "lat": "36.85"
  },
  {
    "url": "http://www.ci.tulare.ca.us/",
    "long": "-119.34",
    "name": "Tulare",
    "state": {
      "name": "California",
      "abbreviation": "CA"
    },
    "lat": "36.2"
  },
  {
    "url": "http://www.holtville.ca.gov/",
    "long": "-115.38",
    "name": "Holtville",
    "state": {
      "name": "California",
      "abbreviation": "CA"
    },
    "lat": "32.81"
  },
  {
    "url": "http://www.hughson.org/",
    "long": "-120.86",
    "name": "Hughson",
    "state": {
      "name": "California",
      "abbreviation": "CA"
    },
    "lat": "37.59"
  },
  {
    "url": "http://www.ci.turlock.ca.us/",
    "long": "-120.84",
    "name": "Turlock",
    "state": {
      "name": "California",
      "abbreviation": "CA"
    },
    "lat": "37.49"
  },
  {
    "url": "http://www.huntingtonbeachca.gov/",
    "long": "-117.99",
    "name": "Huntington Beach",
    "state": {
      "name": "California",
      "abbreviation": "CA"
    },
    "lat": "33.66"
  },
  {
    "url": "http://www.tustinca.org/",
    "long": "-117.82",
    "name": "Tustin",
    "state": {
      "name": "California",
      "abbreviation": "CA"
    },
    "lat": "33.74"
  },
  {
    "url": "http://www.huntingtonpark.org/",
    "long": "-118.22",
    "name": "Huntington Park",
    "state": {
      "name": "California",
      "abbreviation": "CA"
    },
    "lat": "33.98"
  },
  {
    "url": "http://www.ci.twentynine-palms.ca.us/",
    "long": "-116.05",
    "name": "Twentynine Palms",
    "state": {
      "name": "California",
      "abbreviation": "CA"
    },
    "lat": "34.13"
  },
  {
    "url": "http://www.cityofukiah.com/",
    "long": "-123.2",
    "name": "Ukiah",
    "state": {
      "name": "California",
      "abbreviation": "CA"
    },
    "lat": "39.15"
  },
  {
    "url": "http://www.cityofimperial.org/",
    "long": "-115.56",
    "name": "Imperial",
    "state": {
      "name": "California",
      "abbreviation": "CA"
    },
    "lat": "32.84"
  },
  {
    "url": "http://www.ci.union-city.ca.us/",
    "long": "-122.08",
    "name": "Union City",
    "state": {
      "name": "California",
      "abbreviation": "CA"
    },
    "lat": "37.59"
  },
  {
    "url": "http://www.cityofib.com/",
    "long": "-117.11",
    "name": "Imperial Beach",
    "state": {
      "name": "California",
      "abbreviation": "CA"
    },
    "lat": "32.58"
  },
  {
    "url": "http://www.ci.upland.ca.us/",
    "long": "-117.64",
    "name": "Upland",
    "state": {
      "name": "California",
      "abbreviation": "CA"
    },
    "lat": "34.09"
  },
  {
    "url": "http://www.cityofindianwells.org/",
    "long": "-116.3",
    "name": "Indian Wells",
    "state": {
      "name": "California",
      "abbreviation": "CA"
    },
    "lat": "33.71"
  },
  {
    "url": "http://www.ci.vacaville.ca.us/",
    "long": "-121.98",
    "name": "Vacaville",
    "state": {
      "name": "California",
      "abbreviation": "CA"
    },
    "lat": "38.35"
  },
  {
    "url": "http://www.indio.org/",
    "long": "-116.21",
    "name": "Indio",
    "state": {
      "name": "California",
      "abbreviation": "CA"
    },
    "lat": "33.72"
  },
  {
    "url": "http://www.ci.vallejo.ca.us/",
    "long": "-122.25",
    "name": "Vallejo",
    "state": {
      "name": "California",
      "abbreviation": "CA"
    },
    "lat": "38.1"
  },
  {
    "url": "http://www.cityofindustry.org/",
    "long": "-117.95",
    "name": "Industry",
    "state": {
      "name": "California",
      "abbreviation": "CA"
    },
    "lat": "34.01"
  },
  {
    "url": "http://www.cityofventura.net/",
    "long": "-119.29",
    "name": "Ventura",
    "state": {
      "name": "California",
      "abbreviation": "CA"
    },
    "lat": "34.27"
  },
  {
    "url": "http://www.cityofinglewood.org/",
    "long": "-118.35",
    "name": "Inglewood",
    "state": {
      "name": "California",
      "abbreviation": "CA"
    },
    "lat": "33.96"
  },
  {
    "url": "http://www.cityofvernon.org/",
    "long": "-118.23",
    "name": "Vernon",
    "state": {
      "name": "California",
      "abbreviation": "CA"
    },
    "lat": "34"
  },
  {
    "url": "http://www.ione-ca.com/",
    "long": "-120.93",
    "name": "Ione",
    "state": {
      "name": "California",
      "abbreviation": "CA"
    },
    "lat": "38.35"
  },
  {
    "url": "http://ci.victorville.ca.us",
    "long": "-117.29",
    "name": "Victorville",
    "state": {
      "name": "California",
      "abbreviation": "CA"
    },
    "lat": "34.53"
  },
  {
    "url": "http://www.cityofirvine.org",
    "long": "-117.82",
    "name": "Irvine",
    "state": {
      "name": "California",
      "abbreviation": "CA"
    },
    "lat": "33.66"
  },
  {
    "url": "http://www.villapark.org/",
    "long": "-117.81",
    "name": "Villa Park",
    "state": {
      "name": "California",
      "abbreviation": "CA"
    },
    "lat": "33.81"
  },
  {
    "url": "http://ci.irwindale.ca.us/",
    "long": "-117.93",
    "name": "Irwindale",
    "state": {
      "name": "California",
      "abbreviation": "CA"
    },
    "lat": "34.1"
  },
  {
    "url": "http://www.ci.visalia.ca.us/",
    "long": "-119.29",
    "name": "Visalia",
    "state": {
      "name": "California",
      "abbreviation": "CA"
    },
    "lat": "36.33"
  },
  {
    "url": "http://www.cityofvista.com/",
    "long": "-117.24",
    "name": "Vista",
    "state": {
      "name": "California",
      "abbreviation": "CA"
    },
    "lat": "33.2"
  },
  {
    "url": "http://www.ci.jackson.ca.us/",
    "long": "-120.77",
    "name": "Jackson",
    "state": {
      "name": "California",
      "abbreviation": "CA"
    },
    "lat": "38.34"
  },
  {
    "url": "http://www.ci.walnut.ca.us/",
    "long": "-117.86",
    "name": "Walnut",
    "state": {
      "name": "California",
      "abbreviation": "CA"
    },
    "lat": "34.02"
  },
  {
    "url": "http://www.walnut-creek.org/",
    "long": "-122.06",
    "name": "Walnut Creek",
    "state": {
      "name": "California",
      "abbreviation": "CA"
    },
    "lat": "37.9"
  },
  {
    "url": "http://www.kingcity.com/",
    "long": "-121.12",
    "name": "King City",
    "state": {
      "name": "California",
      "abbreviation": "CA"
    },
    "lat": "36.21"
  },
  {
    "url": "http://www.ci.wasco.ca.us/",
    "long": "-119.34",
    "name": "Wasco",
    "state": {
      "name": "California",
      "abbreviation": "CA"
    },
    "lat": "35.59"
  },
  {
    "url": "http://www.cityofkingsburg-ca.gov/",
    "long": "-119.55",
    "name": "Kingsburg",
    "state": {
      "name": "California",
      "abbreviation": "CA"
    },
    "lat": "36.51"
  },
  {
    "url": "http://www.lacanadaflintridge.com/",
    "long": "-118.18",
    "name": "La Caada Flintridge",
    "state": {
      "name": "California",
      "abbreviation": "CA"
    },
    "lat": "34.19"
  },
  {
    "url": "http://www.ci.watsonville.ca.us/",
    "long": "-121.75",
    "name": "Watsonville",
    "state": {
      "name": "California",
      "abbreviation": "CA"
    },
    "lat": "36.91"
  },
  {
    "url": "http://www.lahabracity.com/",
    "long": "-117.94",
    "name": "La Habra",
    "state": {
      "name": "California",
      "abbreviation": "CA"
    },
    "lat": "33.93"
  },
  {
    "url": "http://www.ci.weed.ca.us/",
    "long": "-122.38",
    "name": "Weed",
    "state": {
      "name": "California",
      "abbreviation": "CA"
    },
    "lat": "41.42"
  },
  {
    "url": "http://www.la-habra-heights.org/",
    "long": "-117.95",
    "name": "La Habra Heights",
    "state": {
      "name": "California",
      "abbreviation": "CA"
    },
    "lat": "33.96"
  },
  {
    "url": "http://www.westcovina.org/",
    "long": "-117.93",
    "name": "West Covina",
    "state": {
      "name": "California",
      "abbreviation": "CA"
    },
    "lat": "34.06"
  },
  {
    "url": "http://www.cityoflamesa.com/",
    "long": "-117.02",
    "name": "La Mesa",
    "state": {
      "name": "California",
      "abbreviation": "CA"
    },
    "lat": "32.76"
  },
  {
    "url": "http://www.weho.org/",
    "long": "-118.36",
    "name": "West Hollywood",
    "state": {
      "name": "California",
      "abbreviation": "CA"
    },
    "lat": "34.09"
  },
  {
    "url": "http://www.cityoflamirada.org/",
    "long": "-118.01",
    "name": "La Mirada",
    "state": {
      "name": "California",
      "abbreviation": "CA"
    },
    "lat": "33.91"
  },
  {
    "url": "http://www.cityofwestsacramento.org/",
    "long": "-121.53",
    "name": "West Sacramento",
    "state": {
      "name": "California",
      "abbreviation": "CA"
    },
    "lat": "38.58"
  },
  {
    "url": "http://www.cityoflapalma.org/",
    "long": "-118.04",
    "name": "La Palma",
    "state": {
      "name": "California",
      "abbreviation": "CA"
    },
    "lat": "33.84"
  },
  {
    "url": "http://www.lapuente.org/",
    "long": "-117.94",
    "name": "La Puente",
    "state": {
      "name": "California",
      "abbreviation": "CA"
    },
    "lat": "34.02"
  },
  {
    "url": "http://www.westminster-ca.gov/",
    "long": "-118",
    "name": "Westminster",
    "state": {
      "name": "California",
      "abbreviation": "CA"
    },
    "lat": "33.75"
  },
  {
    "url": "http://www.la-quinta.org/",
    "long": "-116.31",
    "name": "La Quinta",
    "state": {
      "name": "California",
      "abbreviation": "CA"
    },
    "lat": "33.66"
  },
  {
    "url": "http://www.ci.la-verne.ca.us/",
    "long": "-117.76",
    "name": "La Verne",
    "state": {
      "name": "California",
      "abbreviation": "CA"
    },
    "lat": "34.1"
  },
  {
    "url": "http://www.ci.lafayette.ca.us/",
    "long": "-122.11",
    "name": "Lafayette",
    "state": {
      "name": "California",
      "abbreviation": "CA"
    },
    "lat": "37.88"
  },
  {
    "url": "http://www.whittierch.org/",
    "long": "-118.03",
    "name": "Whittier",
    "state": {
      "name": "California",
      "abbreviation": "CA"
    },
    "lat": "33.97"
  },
  {
    "url": "http://www.lagunabeachcity.net/",
    "long": "-117.78",
    "name": "Laguna Beach",
    "state": {
      "name": "California",
      "abbreviation": "CA"
    },
    "lat": "33.54"
  },
  {
    "url": "http://www.ci.laguna-hills.ca.us/",
    "long": "-117.71",
    "name": "Laguna Hills",
    "state": {
      "name": "California",
      "abbreviation": "CA"
    },
    "lat": "33.61"
  },
  {
    "url": "http://www.ci.laguna-niguel.ca.us/",
    "long": "-117.7",
    "name": "Laguna Niguel",
    "state": {
      "name": "California",
      "abbreviation": "CA"
    },
    "lat": "33.52"
  },
  {
    "url": "http://www.lagunawoodscity.org/",
    "long": "-117.72",
    "name": "Laguna Woods",
    "state": {
      "name": "California",
      "abbreviation": "CA"
    },
    "lat": "33.61"
  },
  {
    "url": "http://www.ci.windsor.ca.us/",
    "long": "-122.81",
    "name": "Windsor",
    "state": {
      "name": "California",
      "abbreviation": "CA"
    },
    "lat": "38.54"
  },
  {
    "url": "http://www.lake-elsinore.org/",
    "long": "-117.32",
    "name": "Lake Elsinore",
    "state": {
      "name": "California",
      "abbreviation": "CA"
    },
    "lat": "33.66"
  },
  {
    "url": "http://www.cityofwinters.org/",
    "long": "-121.97",
    "name": "Winters",
    "state": {
      "name": "California",
      "abbreviation": "CA"
    },
    "lat": "38.52"
  },
  {
    "url": "http://www.lakeforestca.gov/",
    "long": "-117.68",
    "name": "Lake Forest",
    "state": {
      "name": "California",
      "abbreviation": "CA"
    },
    "lat": "33.64"
  },
  {
    "url": "http://www.cityofwoodlake.com/",
    "long": "-119.09",
    "name": "Woodlake",
    "state": {
      "name": "California",
      "abbreviation": "CA"
    },
    "lat": "36.41"
  },
  {
    "url": "http://www.ci.woodland.ca.us/",
    "long": "-121.77",
    "name": "Woodland",
    "state": {
      "name": "California",
      "abbreviation": "CA"
    },
    "lat": "38.67"
  },
  {
    "url": "http://www.lakewoodcity.org/",
    "long": "-118.13",
    "name": "Lakewood",
    "state": {
      "name": "California",
      "abbreviation": "CA"
    },
    "lat": "33.85"
  },
  {
    "url": "http://www.woodsidetown.org/",
    "long": "-122.25",
    "name": "Woodside",
    "state": {
      "name": "California",
      "abbreviation": "CA"
    },
    "lat": "37.42"
  },
  {
    "url": "http://www.cityoflancasterca.org/",
    "long": "-118.13",
    "name": "Lancaster",
    "state": {
      "name": "California",
      "abbreviation": "CA"
    },
    "lat": "34.69"
  },
  {
    "url": "http://www.ci.yorba-linda.ca.us/",
    "long": "-117.81",
    "name": "Yorba Linda",
    "state": {
      "name": "California",
      "abbreviation": "CA"
    },
    "lat": "33.88"
  },
  {
    "url": "http://www.ci.larkspur.ca.us/",
    "long": "-122.53",
    "name": "Larkspur",
    "state": {
      "name": "California",
      "abbreviation": "CA"
    },
    "lat": "37.93"
  },
  {
    "url": "http://www.lathropgov.org/",
    "long": "-121.27",
    "name": "Lathrop",
    "state": {
      "name": "California",
      "abbreviation": "CA"
    },
    "lat": "37.82"
  },
  {
    "url": "http://www.lawndalecity.org/",
    "long": "-118.35",
    "name": "Lawndale",
    "state": {
      "name": "California",
      "abbreviation": "CA"
    },
    "lat": "33.88"
  },
  {
    "url": "http://www.yubacity.net/",
    "long": "-121.61",
    "name": "Yuba City",
    "state": {
      "name": "California",
      "abbreviation": "CA"
    },
    "lat": "39.14"
  },
  {
    "url": "http://www.ci.lemon-grove.ca.us/",
    "long": "-117.03",
    "name": "Lemon Grove",
    "state": {
      "name": "California",
      "abbreviation": "CA"
    },
    "lat": "32.74"
  },
  {
    "url": "http://www.yucaipa.org/",
    "long": "-117.04",
    "name": "Yucaipa",
    "state": {
      "name": "California",
      "abbreviation": "CA"
    },
    "lat": "34.03"
  },
  {
    "url": "http://www.lemoore.com/",
    "long": "-119.78",
    "name": "Lemoore",
    "state": {
      "name": "California",
      "abbreviation": "CA"
    },
    "lat": "36.3"
  },
  {
    "url": "http://www.yucca-valley.org/",
    "long": "-116.43",
    "name": "Yucca Valley",
    "state": {
      "name": "California",
      "abbreviation": "CA"
    },
    "lat": "34.11"
  },
  {
    "url": "http://www.ci.lincoln.ca.us/",
    "long": "-121.29",
    "name": "Lincoln",
    "state": {
      "name": "California",
      "abbreviation": "CA"
    },
    "lat": "38.89"
  },
  {
    "url": "http://www.lindsay.ca.us/",
    "long": "-119.08",
    "name": "Lindsay",
    "state": {
      "name": "California",
      "abbreviation": "CA"
    },
    "lat": "36.2"
  },
  {
    "url": "http://www.ci.livermore.ca.us/",
    "long": "-121.76",
    "name": "Livermore",
    "state": {
      "name": "California",
      "abbreviation": "CA"
    },
    "lat": "37.68"
  },
  {
    "url": "http://www.lodi.gov/",
    "long": "-121.27",
    "name": "Lodi",
    "state": {
      "name": "California",
      "abbreviation": "CA"
    },
    "lat": "38.13"
  },
  {
    "url": "http://www.ci.loma-linda.ca.us/",
    "long": "-117.26",
    "name": "Loma Linda",
    "state": {
      "name": "California",
      "abbreviation": "CA"
    },
    "lat": "34.04"
  },
  {
    "url": "http://www.lomita.com/cityhall/",
    "long": "-118.31",
    "name": "Lomita",
    "state": {
      "name": "California",
      "abbreviation": "CA"
    },
    "lat": "33.79"
  },
  {
    "url": "http://www.ci.lompoc.ca.us/",
    "long": "-120.45",
    "name": "Lompoc",
    "state": {
      "name": "California",
      "abbreviation": "CA"
    },
    "lat": "34.63"
  },
  {
    "url": "http://www.longbeach.gov/",
    "long": "-118.18",
    "name": "Long Beach",
    "state": {
      "name": "California",
      "abbreviation": "CA"
    },
    "lat": "33.76"
  },
  {
    "url": "http://www.loomis.ca.gov/",
    "long": "-121.19",
    "name": "Loomis",
    "state": {
      "name": "California",
      "abbreviation": "CA"
    },
    "lat": "38.82"
  },
  {
    "url": "http://www.ci.los-alamitos.ca.us/",
    "long": "-118.07",
    "name": "Los Alamitos",
    "state": {
      "name": "California",
      "abbreviation": "CA"
    },
    "lat": "33.8"
  },
  {
    "url": "http://www.ci.los-altos.ca.us/",
    "long": "-122.11",
    "name": "Los Altos",
    "state": {
      "name": "California",
      "abbreviation": "CA"
    },
    "lat": "37.38"
  },
  {
    "url": "http://www.losaltoshills.ca.gov/",
    "long": "-122.13",
    "name": "Los Altos Hills",
    "state": {
      "name": "California",
      "abbreviation": "CA"
    },
    "lat": "37.37"
  },
  {
    "url": "http://business.lacity.org/",
    "long": "-118.24",
    "name": "Los Angeles",
    "state": {
      "name": "California",
      "abbreviation": "CA"
    },
    "lat": "34.05"
  },
  {
    "url": "http://www.losbanos.org/",
    "long": "-120.84",
    "name": "Los Banos",
    "state": {
      "name": "California",
      "abbreviation": "CA"
    },
    "lat": "37.05"
  },
  {
    "url": "http://www.town.los-gatos.ca.us/",
    "long": "-121.97",
    "name": "Los Gatos",
    "state": {
      "name": "California",
      "abbreviation": "CA"
    },
    "lat": "37.22"
  },
  {
    "url": "http://www.lynwood.ca.us/",
    "long": "-118.21",
    "name": "Lynwood",
    "state": {
      "name": "California",
      "abbreviation": "CA"
    },
    "lat": "33.93"
  },
  {
    "url": "http://www.cityofmadera.org/",
    "long": "-120.06",
    "name": "Madera",
    "state": {
      "name": "California",
      "abbreviation": "CA"
    },
    "lat": "36.96"
  },
  {
    "url": "http://www.ci.malibu.ca.us/",
    "long": "-118.81",
    "name": "Malibu",
    "state": {
      "name": "California",
      "abbreviation": "CA"
    },
    "lat": "34"
  },
  {
    "url": "http://www.ci.mammoth-lakes.ca.us/",
    "long": "-118.97",
    "name": "Mammoth Lakes",
    "state": {
      "name": "California",
      "abbreviation": "CA"
    },
    "lat": "37.64"
  },
  {
    "url": "http://www.ci.manhattan-beach.ca.us/",
    "long": "-118.41",
    "name": "Manhattan Beach",
    "state": {
      "name": "California",
      "abbreviation": "CA"
    },
    "lat": "33.88"
  },
  {
    "url": "http://www.ci.manteca.ca.us/",
    "long": "-121.21",
    "name": "Manteca",
    "state": {
      "name": "California",
      "abbreviation": "CA"
    },
    "lat": "37.79"
  },
  {
    "url": "http://www.ci.pinole.ca.us/",
    "long": "-122.29",
    "name": "Pinole",
    "state": {
      "name": "California",
      "abbreviation": "CA"
    },
    "lat": "38"
  }
]